caseid_new,same_sex,same_race,parental_approval,same_pol,internet,same_religion,age_gap
4557505,1,1,1,0,0,0,1
2169386,0,0,1,1,0,0,1
2479313,0,1,0,1,0,0,1
860495,0,1,0,1,0,1,1
4103576,1,0,0,1,0,0,1
3149823,0,1,MISSING,0,0,0,1
3937436,0,0,1,0,0,0,1
680225,0,1,1,1,0,0,1
1335363,0,0,0,0,1,0,1
4256503,0,1,1,0,0,0,1
3072336,1,1,0,1,0,1,1
3200215,1,1,0,0,1,0,1
1990566,1,1,MISSING,1,0,1,1
4066436,0,1,0,1,0,1,1
1850456,1,1,MISSING,1,0,1,1
932566,1,1,1,1,1,0,1
3837235,0,1,1,0,1,0,1
224425,0,1,1,0,0,1,1
1615431,0,1,0,1,0,0,1
1279296,0,1,1,1,0,1,1
2724356,1,1,0,1,0,0,1
3733373,0,1,0,1,1,0,1
177386,1,1,1,0,0,1,1
3281506,1,1,1,1,0,1,1
3025406,1,0,0,1,0,0,1
4511465,0,1,1,1,0,0,1
2547395,0,0,1,0,0,0,1
646613,0,0,MISSING,1,0,0,1
3997265,1,1,1,1,1,0,1
3100236,0,0,1,1,0,1,1
1677766,1,1,MISSING,1,0,1,1
640596,1,1,MISSING,1,1,1,1
2428344,0,1,0,0,0,1,1
103545,0,1,MISSING,0,1,0,1
3446513,1,1,MISSING,0,0,1,1
2758456,1,1,1,1,0,0,1
4418316,0,0,1,1,0,0,1
32656,1,1,MISSING,1,0,1,1
3946295,0,1,1,0,1,0,1
2311205,0,1,1,1,0,0,1
2100743,0,1,MISSING,0,0,0,1
253483,1,0,1,1,0,0,1
3668296,0,1,1,0,0,1,1
3558553,1,1,1,1,0,0,1
2398492,1,1,0,1,0,1,1
2017286,0,1,1,0,1,1,1
1570286,0,1,1,1,1,0,1
110316,1,0,0,0,0,0,1
3027506,0,1,0,0,0,1,1
965575,1,1,0,0,0,0,1
3543225,0,1,1,1,0,0,1
3532465,1,1,0,1,0,0,1
4226275,0,0,0,1,0,1,1
1676566,1,1,1,1,0,0,1
143746,1,1,MISSING,0,0,1,1
3593355,1,1,0,0,0,0,1
2092496,1,0,1,0,0,0,1
2733643,1,1,1,1,0,0,1
1509726,1,1,MISSING,1,0,0,1
2859286,0,1,1,0,0,1,1
56536,1,0,1,1,0,0,1
1162493,0,1,1,1,0,0,1
2350195,0,1,1,0,0,0,1
4092313,0,1,0,1,0,0,1
2449225,0,1,1,0,0,0,1
4450326,0,1,1,0,0,1,1
4027356,0,1,1,0,0,0,1
549235,0,1,1,1,0,0,1
4364852,0,1,MISSING,1,0,1,1
1392612,1,1,0,0,0,0,1
3586365,1,0,MISSING,0,0,0,1
2075404,1,1,1,0,0,1,1
1285703,1,1,MISSING,0,0,1,1
1069616,1,0,0,1,1,1,1
2561493,0,1,1,1,0,1,1
1703712,0,1,MISSING,1,0,1,1
1823706,1,0,MISSING,1,0,0,1
2923486,1,1,0,1,0,1,1
686266,0,0,1,1,0,0,1
1394385,0,1,1,1,0,1,1
1926366,0,1,0,1,0,0,1
1189486,1,1,1,0,0,0,1
902521,0,0,MISSING,1,0,1,1
2861215,1,1,0,1,1,1,1
4558443,0,1,0,0,0,1,1
877525,0,1,0,1,0,1,1
2710455,0,1,1,1,0,0,1
3129215,0,0,1,1,1,0,1
3211225,0,1,1,1,0,1,1
40335,1,0,0,1,1,0,1
1439225,0,1,1,0,0,0,1
826486,0,1,MISSING,1,1,1,1
80656,1,1,1,1,0,1,1
4143305,1,1,0,0,1,1,1
839386,0,1,1,1,0,0,1
1567444,1,1,MISSING,0,1,1,1
781615,1,1,1,1,0,0,1
1327693,1,0,MISSING,1,0,0,1
4403543,0,1,1,1,0,1,1
1579693,0,1,MISSING,0,0,0,1
3148455,1,1,1,1,1,1,1
3062505,1,1,MISSING,1,1,1,1
653573,1,0,0,0,0,0,1
1788316,1,1,0,1,0,0,1
4162836,1,1,MISSING,1,0,1,1
3778515,1,0,0,0,1,0,1
2722205,0,1,1,0,0,1,1
2277506,0,0,MISSING,1,0,0,1
3850206,0,1,0,0,0,0,1
1252476,1,0,0,1,0,0,1
4509413,0,1,1,1,0,0,1
2219255,0,0,1,1,0,0,1
693365,0,1,1,0,0,0,1
3253415,0,0,0,1,0,1,1
3904375,1,1,0,1,0,0,1
3805265,0,1,1,1,0,1,1
278413,1,1,1,1,0,0,1
1177285,0,1,1,0,0,0,1
3444456,1,1,0,1,1,1,1
2281616,1,0,MISSING,1,0,1,1
336205,0,1,1,1,0,0,1
2929295,0,1,0,1,0,1,1
3182513,0,0,1,1,0,0,1
4598275,0,1,0,1,0,0,1
1685385,0,0,1,1,0,1,1
742246,0,1,1,1,0,0,1
2026446,1,1,1,1,0,1,1
903206,1,1,0,1,0,1,1
4334513,0,1,1,0,0,0,1
1254703,0,1,MISSING,1,1,0,1
3382804,0,1,MISSING,1,0,1,1
3888595,1,1,1,1,0,0,1
1571463,0,0,0,0,0,0,1
2678485,1,0,0,1,0,1,1
1553205,0,1,1,0,0,0,1
452446,1,1,0,0,0,0,1
1661682,0,1,MISSING,1,0,0,1
875485,0,1,1,0,0,0,1
1631443,0,1,0,1,0,0,1
4608683,0,1,1,0,0,1,1
780753,1,1,MISSING,1,,1,1
1035596,1,1,MISSING,1,0,0,1
2352296,1,0,0,1,0,0,1
1787296,0,0,1,1,0,1,1
2072195,0,1,1,0,0,0,1
1648276,0,1,1,0,0,0,1
1388606,0,0,1,1,0,0,1
4382215,0,1,1,0,0,0,1
843215,0,1,1,1,0,0,1
1426355,0,1,1,0,1,1,1
134461,0,1,1,0,1,0,1
3582506,1,1,1,1,0,1,1
4000465,1,1,0,1,1,1,1
2227296,1,1,1,0,0,0,1
375486,1,0,0,1,1,0,1
1527295,0,1,1,1,1,1,1
2802655,1,1,MISSING,1,0,0,1
3014445,1,1,0,1,0,0,1
1492642,0,1,MISSING,1,0,0,1
2330376,1,1,1,1,0,1,1
72515,0,1,1,1,0,0,1
4472726,0,1,1,1,0,1,1
1364533,0,1,0,1,0,0,1
4072283,0,1,1,1,0,0,1
701496,1,1,1,1,0,0,1
3681446,1,1,1,1,0,0,1
1079255,0,1,1,0,0,0,1
1819566,0,1,1,1,0,1,1
119663,0,1,MISSING,0,0,0,1
3862286,0,0,0,1,0,1,1
344396,1,1,1,1,0,1,1
945665,0,1,MISSING,1,1,0,1
4497666,0,1,MISSING,1,0,1,1
1468606,0,1,0,1,0,0,1
1204395,1,0,1,1,1,1,1
4013336,1,1,0,0,0,0,1
1329235,0,1,1,0,0,1,1
3044225,0,1,0,0,0,0,1
1879215,0,0,1,1,1,0,1
3566493,0,0,1,1,1,1,1
4548516,1,0,1,0,0,0,1
1152556,0,1,MISSING,0,0,1,1
4009326,1,0,0,1,0,1,1
3336706,1,1,MISSING,0,0,1,1
1302415,1,1,0,0,1,1,1
4042195,0,1,1,0,1,1,1
1778236,0,0,1,0,0,0,1
4451663,0,1,1,1,0,0,1
4444421,0,1,1,0,0,1,1
1064496,0,1,0,1,1,1,1
291286,0,1,1,0,0,1,1
1098406,1,1,1,1,0,0,1
1381205,0,1,1,0,0,0,1
650616,0,1,0,0,0,1,1
2631603,0,1,0,0,1,0,1
3188345,1,0,0,1,0,0,1
697396,0,1,MISSING,0,0,1,1
2903453,0,1,1,0,0,1,1
2237225,0,1,1,1,0,1,1
805546,0,1,MISSING,1,0,1,1
2800266,0,1,1,1,0,1,1
475485,1,1,MISSING,0,0,0,1
2799525,1,1,1,0,1,1,1
3557522,0,1,0,1,0,0,1
3949583,1,1,1,1,0,0,1
1307306,0,1,1,0,0,0,1
3766424,0,1,1,0,0,1,1
347716,1,1,MISSING,0,0,0,1
4466314,0,1,1,1,1,0,1
2338195,0,1,1,1,0,1,1
2893255,0,0,1,0,1,0,1
1380606,1,1,MISSING,0,0,0,1
709205,0,1,0,0,0,1,1
2307264,0,1,0,0,1,0,1
1418265,0,1,1,0,0,0,1
2920513,1,0,0,0,0,0,1
293336,0,1,1,0,0,0,1
2845381,0,0,1,1,0,1,1
1608266,0,1,1,0,0,0,1
2506506,1,1,1,1,0,0,1
1271456,1,1,1,1,0,0,1
4176275,0,1,1,0,0,1,1
2512476,0,0,0,0,0,1,1
2356606,1,1,0,1,0,1,1
89766,1,1,MISSING,1,0,0,1
3307375,1,1,1,1,0,0,1
312373,1,1,0,0,1,0,1
3976383,0,1,1,0,1,0,1
236456,1,0,1,1,1,1,1
1410441,0,1,0,1,0,0,1
2746506,0,1,1,1,0,1,1
1505246,0,1,0,0,0,0,1
4487636,0,0,1,1,0,1,1
2940495,0,1,0,1,0,0,1
2705406,1,0,0,1,0,0,1
1280305,0,1,1,1,0,1,1
307423,0,1,1,0,1,0,1
2507563,0,1,0,0,0,1,1
2852225,1,1,1,1,,1,1
711676,1,1,1,1,0,1,1
167245,0,1,1,0,0,0,1
1216365,0,1,MISSING,0,0,1,1
3217235,0,1,0,1,0,0,1
963573,1,1,1,0,1,1,1
4106215,0,1,1,0,0,0,1
1034483,0,1,0,1,0,1,1
2015255,0,1,0,0,,0,1
2201486,1,1,1,1,0,0,1
2786666,1,1,MISSING,0,0,0,1
3870246,0,1,0,0,0,0,1
4445475,0,0,1,1,0,1,1
2504476,1,1,1,1,0,0,1
28536,1,1,1,1,0,0,1
3238445,0,1,1,0,0,0,1
4365483,0,0,0,1,0,0,1
1711502,0,1,1,0,0,0,1
1208205,0,0,1,0,1,0,1
1363253,0,1,1,1,0,0,1
3742576,1,1,0,1,0,1,1
4165616,1,1,MISSING,1,0,0,1
4572586,0,1,0,1,0,0,1
3644396,0,1,0,0,0,0,1
3488485,1,1,1,0,0,0,1
655505,1,0,0,0,0,0,1
2885256,0,0,1,0,0,0,1
794276,0,1,1,0,0,0,1
209345,0,1,0,0,1,1,1
718255,0,1,0,0,0,0,1
364365,1,0,0,1,0,0,1
2624575,1,0,MISSING,0,0,1,1
3896594,0,1,1,1,1,0,1
2964195,0,0,0,0,0,1,1
4545406,0,1,1,1,0,1,1
3242205,0,1,0,0,1,1,1
820666,1,0,MISSING,0,0,0,1
2687386,0,1,1,1,0,1,1
627533,1,0,MISSING,1,0,1,1
1447506,0,1,1,1,0,1,1
66484,0,1,MISSING,0,1,1,1
722225,1,1,1,1,0,0,1
193446,0,1,0,0,1,0,1
1588416,0,1,1,1,1,0,1
2483563,1,1,1,1,0,1,1
2543495,0,1,0,0,0,0,1
3156215,0,1,1,0,0,0,1
2422533,0,1,0,1,0,0,1
2071506,1,1,1,0,0,0,1
51376,1,1,1,1,0,1,1
4011225,0,1,1,1,0,1,1
197486,1,0,0,1,0,1,1
4556543,0,1,MISSING,0,0,0,1
1507475,0,1,0,0,0,0,1
303195,0,0,1,1,1,0,1
1187235,0,0,1,0,0,0,1
4571335,0,1,1,1,0,1,1
2154365,0,0,0,0,0,1,1
3047205,0,1,1,0,0,0,1
4459513,0,0,MISSING,0,1,0,1
2759424,0,0,1,1,1,0,1
3480226,0,1,1,0,0,1,1
989215,0,1,1,0,0,1,1
2179636,1,1,0,1,0,1,1
3912563,0,1,1,0,0,1,1
1970216,0,1,1,1,0,0,1
147245,0,1,0,1,0,0,1
626255,0,1,1,1,0,0,1
4262255,0,0,0,0,1,1,1
3638371,0,1,0,1,0,0,1
2049245,0,1,1,1,0,0,1
4086476,1,1,MISSING,1,0,1,1
1749592,0,1,1,0,0,1,1
2303465,0,1,0,0,0,0,1
1762615,0,1,1,0,0,0,1
2242616,1,0,1,1,0,1,1
4131553,0,1,MISSING,0,0,1,1
2905436,0,1,1,0,0,0,1
1332405,0,1,0,1,0,1,1
287496,0,0,MISSING,0,1,0,1
1802445,1,1,1,1,1,0,1
2868606,0,1,MISSING,1,0,1,1
3140275,0,1,0,1,1,1,1
26315,1,1,1,1,0,1,1
1839335,0,1,1,0,1,0,1
3492545,1,1,0,0,0,0,1
2958495,0,1,0,1,0,0,1
2193195,0,1,1,0,0,1,1
1755306,0,0,0,1,0,0,1
4582532,0,1,1,1,0,1,1
2950445,0,0,0,1,0,0,1
3099405,0,1,0,1,0,0,1
2266405,1,0,0,0,0,0,1
3945453,0,0,1,1,0,1,1
1952535,1,1,0,1,0,0,1
2745305,0,1,MISSING,1,0,1,1
4599246,0,0,0,0,0,0,1
896413,0,0,1,0,0,1,1
733315,0,1,0,1,0,0,1
803573,0,1,1,1,0,0,1
3990426,1,1,1,0,0,0,1
810426,0,0,0,0,0,0,1
909792,0,0,MISSING,0,0,1,1
3071566,1,1,MISSING,0,0,0,1
648586,0,1,MISSING,1,0,0,1
2514683,0,1,1,0,0,1,1
161715,0,1,MISSING,0,0,0,1
563456,1,1,0,0,0,0,1
3663613,0,1,0,0,0,1,1
3547415,0,0,1,0,0,0,1
2252496,1,0,0,1,0,0,1
3935335,1,0,1,1,0,0,1
842195,0,1,1,0,0,0,1
3115366,0,1,1,0,1,1,1
2125215,0,1,0,1,0,0,1
2814495,1,1,0,0,0,0,1
1635436,1,0,0,1,1,0,1
1669566,1,1,1,1,0,1,1
557215,0,0,0,1,0,0,1
2250596,0,1,MISSING,0,0,0,1
3678386,1,1,1,1,0,1,1
147525,1,1,0,0,1,1,1
2991315,0,0,0,0,0,0,1
284426,1,0,1,1,0,0,1
242355,0,1,1,0,0,0,1
2487583,0,1,1,0,0,1,1
3741436,1,1,1,1,0,1,1
156486,1,0,MISSING,0,1,0,1
1809246,0,1,0,1,0,1,1
3858635,1,1,MISSING,1,0,1,1
506515,1,1,1,1,0,0,1
2053443,1,1,1,0,0,0,1
1024643,0,1,MISSING,1,0,1,1
3831396,0,1,1,0,0,1,1
3245543,0,1,1,0,0,0,1
3606295,0,1,1,0,0,1,1
2508414,0,1,MISSING,1,0,1,1
2809516,1,1,1,1,0,0,1
4183235,0,1,1,0,1,1,1
749566,1,1,0,0,1,1,1
1083446,1,1,1,1,0,1,1
3190285,0,1,1,0,0,0,1
3497476,1,0,0,1,0,1,1
791225,0,1,1,0,0,1,1
3918383,0,1,1,1,0,0,1
468225,0,1,0,1,0,1,1
2466445,0,1,MISSING,1,0,1,1
4119623,1,1,MISSING,0,1,0,1
271623,1,1,MISSING,1,0,1,1
134275,0,1,1,0,1,0,1
4607235,0,1,0,1,0,0,1
1848513,0,0,1,0,0,0,1
3898286,0,1,1,0,0,0,1
2175365,1,0,0,1,0,1,1
3824526,1,1,1,0,0,0,1
3535676,1,1,MISSING,1,0,1,1
2029496,1,1,1,0,0,0,1
2103296,0,1,1,1,0,0,1
203562,1,1,0,0,1,0,1
690195,0,1,1,1,0,1,1
297285,1,1,0,1,1,1,1
3995436,1,1,1,1,0,0,1
3607516,0,1,MISSING,1,0,1,1
3361453,1,0,1,0,0,1,1
3925435,1,1,0,1,1,0,1
3695346,1,1,0,0,1,0,1
36493,1,1,MISSING,1,1,1,1
1772413,0,1,1,0,0,1,1
62283,0,1,1,1,0,0,1
2997563,0,0,1,0,1,0,1
3959235,0,0,0,0,0,0,1
4491286,0,0,1,1,0,1,1
4281244,0,0,1,1,0,0,1
2322215,0,1,1,1,0,0,1
4139266,0,1,0,1,1,1,1
1315536,1,0,MISSING,1,1,0,1
2380466,0,0,1,0,0,1,1
1345356,0,1,1,0,1,1,1
836491,0,1,MISSING,1,0,1,1
1606456,1,1,1,1,0,1,1
4032561,1,1,1,1,0,1,1
342596,1,0,1,1,0,1,1
719606,1,1,MISSING,1,0,1,1
2681396,0,1,1,1,0,0,1
4371446,0,1,0,0,1,0,1
3553445,0,1,0,0,1,0,1
185405,0,1,0,1,0,0,1
1474566,1,0,1,1,0,1,1
2635305,0,0,0,0,0,0,1
2073466,0,1,MISSING,1,0,1,1
2486245,0,1,1,1,0,1,1
163195,0,1,1,1,0,1,1
1084706,1,1,MISSING,1,0,1,1
113235,0,1,1,0,0,0,1
497295,0,1,1,0,1,0,1
422485,0,0,1,1,0,0,1
3957226,1,1,1,1,0,0,1
54415,0,1,0,0,1,0,1
1235316,1,1,1,1,0,1,1
1577546,1,1,1,1,0,0,1
2876526,1,1,1,1,1,0,1
4484215,0,1,1,0,0,0,1
816456,1,0,1,0,0,1,1
924602,0,1,MISSING,1,0,1,1
405782,0,1,MISSING,1,0,1,1
1835645,0,1,MISSING,1,0,1,1
272616,1,1,MISSING,1,0,1,1
840205,0,1,1,1,1,0,1
1697445,0,0,0,1,0,0,1
190215,0,1,1,1,0,0,1
2577576,0,1,MISSING,1,0,1,1
1924581,0,1,MISSING,0,0,0,1
2532553,0,1,MISSING,0,0,1,1
3396426,1,1,1,1,0,1,1
22526,1,0,MISSING,1,1,0,1
2857341,0,1,1,1,1,0,1
2318566,1,1,1,1,0,0,1
1836683,0,1,MISSING,1,0,0,1
2794335,1,0,0,0,1,0,1
1250456,1,1,1,1,1,0,1
1756633,0,1,MISSING,1,0,1,1
3763501,1,1,0,1,0,0,1
1310523,1,1,MISSING,1,1,0,1
4258275,0,0,0,1,0,1,1
1450553,0,1,0,1,0,0,1
2530373,0,0,0,0,1,0,1
58295,0,1,1,1,0,1,1
1933576,1,1,MISSING,0,0,0,1
1090535,1,1,1,1,0,0,1
2033463,0,1,1,1,0,0,1
1869273,0,1,0,1,0,0,1
4007271,0,1,1,0,1,0,1
1260536,1,1,1,1,0,0,1
3690466,1,1,1,0,0,1,1
33536,1,0,1,1,0,1,1
2086556,1,1,1,1,0,0,1
3894295,1,0,0,0,0,0,1
4277553,0,1,0,0,0,1,1
2795343,0,1,1,0,0,1,1
386546,0,1,MISSING,1,0,1,1
137215,1,1,1,0,0,1,1
3832225,0,1,0,1,0,0,1
1984436,0,1,0,1,1,0,1
55686,1,0,1,0,0,0,1
1256565,1,1,0,1,0,1,1
615255,0,0,1,0,0,0,1
3206366,1,1,1,0,0,0,1
2130225,0,1,1,1,0,1,1
1993565,0,1,1,1,0,0,1
3298555,1,0,0,1,1,1,1
3551483,0,1,0,1,0,1,1
2630582,0,1,MISSING,1,0,1,1
1164235,0,0,0,1,0,1,1
873623,0,1,MISSING,1,0,1,1
3986455,1,0,0,1,0,0,1
792573,0,0,1,1,0,1,1
3993486,1,1,0,1,0,1,1
2003516,1,1,0,1,0,0,1
420285,0,1,0,1,0,0,1
3919306,1,1,1,0,0,1,1
4427246,0,0,0,0,0,1,1
4052346,1,1,0,1,1,0,1
3902395,1,1,MISSING,0,0,0,1
3906365,1,1,MISSING,1,0,1,1
104565,1,1,MISSING,0,1,1,1
3622666,0,1,MISSING,0,0,0,1
115473,1,1,MISSING,1,0,0,1
3982235,1,1,0,1,0,0,1
38895,1,1,MISSING,0,1,0,1
3601366,1,1,1,1,0,0,1
2654745,1,0,MISSING,0,0,0,1
1653653,1,1,MISSING,1,0,1,1
2926403,0,1,0,0,0,0,1
2915356,0,1,1,1,0,1,1
2335586,1,1,1,1,0,0,1
837215,0,1,1,1,0,1,1
3255515,0,0,1,1,0,1,1
4461626,1,0,MISSING,1,0,0,1
2485465,0,1,1,0,0,0,1
309276,0,1,1,0,0,1,1
3892443,1,1,0,1,0,0,1
1155496,0,1,1,1,0,1,1
4031246,0,1,1,1,0,0,1
4164546,1,1,1,1,0,0,1
2686633,0,0,MISSING,0,0,0,1
3517255,0,1,1,0,0,1,1
1612235,0,1,1,0,1,1,1
3897456,1,1,1,1,0,0,1
1922632,1,1,MISSING,1,0,0,1
2725295,0,1,1,0,0,0,1
1692566,1,1,0,1,0,0,1
3926361,1,1,1,1,0,0,1
1587316,0,0,0,1,0,0,1
3676534,0,0,0,1,0,0,1
2480586,1,1,MISSING,1,0,1,1
1412495,0,0,MISSING,1,1,0,1
2232496,1,1,1,1,0,0,1
2430446,1,1,1,0,0,0,1
4135235,0,1,0,0,1,0,1
712403,0,1,MISSING,1,0,0,1
1768436,0,1,MISSING,1,0,0,1
3872275,0,0,0,1,0,0,1
2471586,0,1,MISSING,1,0,1,1
429306,0,1,1,1,0,0,1
2224215,0,1,MISSING,1,0,0,1
586275,0,1,0,0,1,0,1
4037586,0,0,1,0,0,0,1
1340556,1,1,0,0,0,0,1
1974466,1,0,1,1,0,0,1
546195,0,1,1,1,0,0,1
1555195,0,1,0,0,0,1,1
3639315,0,1,1,0,0,0,1
3293496,1,1,MISSING,1,0,1,1
4293435,0,1,0,1,0,0,1
1665713,0,1,MISSING,1,0,0,1
3845284,0,1,1,0,0,1,1
2203446,1,0,0,0,1,0,1
918235,0,1,1,1,0,0,1
4118275,0,1,1,1,0,1,1
335326,0,0,1,0,0,0,1
3720492,1,1,1,1,1,1,1
212505,0,0,MISSING,1,1,0,1
2187416,1,0,1,1,0,1,1
1552386,0,1,1,0,0,0,1
3635255,1,0,0,1,0,0,1
2983365,0,0,0,1,0,0,1
2077215,0,0,0,0,0,0,1
2439205,0,1,1,0,0,0,1
3209205,0,1,1,0,0,0,1
1240456,1,0,1,1,0,1,1
2462533,0,0,MISSING,0,0,0,1
4325255,0,1,1,0,0,1,1
4147263,0,1,1,1,0,0,1
2096536,1,1,MISSING,1,0,1,1
3520375,0,1,1,1,1,0,1
1790623,0,1,MISSING,0,0,0,1
2371312,0,1,1,1,0,1,1
181403,0,1,1,0,0,0,1
121515,0,1,0,0,0,0,1
1907225,0,1,0,0,0,0,1
144545,0,0,1,0,0,1,1
221225,0,0,0,0,1,0,1
3757616,1,1,MISSING,1,0,0,1
3160406,0,1,1,0,0,1,1
829216,0,1,1,0,1,0,1
4045235,1,1,1,1,1,1,1
3725655,1,1,MISSING,1,0,1,1
2806576,1,1,MISSING,0,0,0,1
2600415,1,1,1,1,1,0,1
2591556,1,0,MISSING,0,0,1,1
2080896,1,1,0,0,0,0,1
4010416,1,1,1,0,0,1,1
2666271,0,1,1,0,0,0,1
4316396,0,1,0,0,0,0,1
1301626,1,1,1,1,0,0,1
2784335,0,1,1,1,0,0,1
620565,1,1,0,0,0,1,1
2961446,1,0,1,1,1,0,1
3548505,0,0,1,0,0,0,1
3168236,1,1,0,0,0,0,1
176495,1,1,1,1,1,1,1
3304235,0,0,0,1,0,0,1
2423613,0,1,MISSING,1,0,1,1
2009245,0,1,1,0,0,1,1
4523603,0,1,MISSING,0,0,1,1
4201445,0,1,MISSING,0,0,0,1
899246,0,1,0,0,0,1,1
1210536,1,0,0,1,0,1,1
1433533,0,1,1,0,0,0,1
4438365,0,1,1,0,0,0,1
4562195,0,1,1,0,0,0,1
567481,1,1,1,0,0,1,1
1358455,0,1,1,1,0,0,1
4317556,0,0,0,0,0,0,1
3461275,1,1,MISSING,1,1,0,1
255375,0,1,1,0,0,0,1
2822526,1,1,1,0,0,1,1
1689375,1,1,1,0,1,0,1
3915415,1,0,0,0,1,0,1
2292275,0,0,1,0,0,0,1
689556,1,0,MISSING,1,0,0,1
1058195,0,1,1,0,0,1,1
3476445,1,1,0,0,1,1,1
4322543,0,1,1,1,0,1,1
1529205,0,0,0,0,0,0,1
2648596,1,1,MISSING,1,0,1,1
2047493,1,1,MISSING,1,1,0,1
2374284,0,0,1,0,0,0,1
1048266,0,1,1,1,0,1,1
225516,1,1,MISSING,1,1,0,1
55365,0,1,1,1,1,1,1
3659523,0,1,MISSING,0,0,1,1
1834215,0,0,1,1,0,0,1
330496,1,1,1,0,0,1,1
1228415,1,1,1,1,0,0,1
1059286,0,1,1,1,0,1,1
1912446,0,1,1,0,0,0,1
1672325,0,1,1,1,0,0,1
2895566,1,1,1,1,0,1,1
3419225,0,1,1,1,0,0,1
2589535,1,1,1,1,0,1,1
1370453,0,1,0,1,0,1,1
2145295,0,0,1,1,0,0,1
2740543,0,1,MISSING,0,0,0,1
1140623,0,0,MISSING,0,0,1,1
2797496,1,1,1,0,0,1,1
591385,0,0,1,0,0,0,1
3227752,0,1,MISSING,1,0,0,1
2124215,0,1,0,0,1,0,1
2160635,1,0,0,0,0,0,1
348456,0,0,MISSING,1,0,0,1
1892215,0,1,0,0,0,1,1
2549605,0,1,MISSING,1,0,0,1
4591396,0,0,1,0,0,0,1
3132476,1,0,1,0,0,0,1
236195,0,1,0,1,0,1,1
2890236,0,1,1,1,0,0,1
1541384,0,0,1,1,1,0,1
2098515,0,1,0,1,0,0,1
3688703,1,1,MISSING,0,1,0,1
1564453,0,1,0,0,0,1,1
3769215,0,1,0,1,0,1,1
2793416,1,1,1,0,0,0,1
661466,1,1,1,1,0,0,1
2602436,1,1,1,1,0,0,1
501306,1,1,0,0,0,0,1
2101416,0,1,1,0,0,1,1
886295,0,1,0,0,0,0,1
3181623,0,0,MISSING,1,0,0,1
481445,1,0,0,0,1,1,1
3079225,0,1,1,1,0,1,1
3273445,0,1,1,1,0,0,1
2763486,1,1,MISSING,1,0,1,1
656225,0,1,1,0,0,0,1
472431,0,1,1,1,0,0,1
2808495,1,0,1,1,0,0,1
666686,1,0,MISSING,1,1,0,1
3367605,0,1,MISSING,1,0,1,1
3454546,1,1,MISSING,0,0,0,1
775703,0,1,MISSING,0,0,0,1
4319416,0,1,1,0,1,1,1
602406,0,1,0,1,0,0,1
3314235,0,0,1,0,0,0,1
2775495,1,1,MISSING,1,0,0,1
2810195,0,1,1,0,0,0,1
4508395,0,1,1,0,1,0,1
4432576,1,0,0,0,0,1,1
4175506,0,1,MISSING,0,0,0,1
1865296,0,1,0,1,0,1,1
1897225,0,1,1,0,0,0,1
2519493,0,1,1,0,0,1,1
1037633,0,1,MISSING,1,0,0,1
4054305,0,1,1,1,0,0,1
1121235,0,1,0,1,0,1,1
4285395,0,1,MISSING,1,1,1,1
700396,1,0,1,1,0,1,1
1700416,0,1,1,1,0,1,1
3210466,1,1,0,1,0,0,1
3117445,0,1,0,1,0,1,1
1133286,0,1,0,0,0,0,1
1478566,1,1,1,1,0,1,1
4362533,0,0,0,0,0,0,1
3715435,1,1,MISSING,0,1,0,1
491772,0,1,MISSING,1,0,1,1
2312496,1,1,0,1,0,1,1
1373663,0,0,MISSING,0,0,0,1
1771195,0,1,1,0,0,0,1
1440573,0,0,MISSING,0,0,0,1
745435,0,0,MISSING,0,1,0,1
2652493,0,1,1,0,0,0,1
3707656,1,1,MISSING,0,0,0,1
3319473,0,1,1,1,0,0,1
2505436,1,1,1,1,0,1,1
2542495,0,1,0,1,0,0,1
2739513,0,0,0,0,0,0,1
721305,0,1,1,1,0,1,1
2645415,0,1,1,1,0,0,1
3710375,1,1,0,1,0,1,1
3971256,0,1,0,1,0,0,1
3536365,0,1,0,0,0,0,1
2949755,1,0,MISSING,0,0,0,1
3345295,1,1,0,0,0,1,1
2018495,0,1,1,1,0,0,1
2137436,0,1,1,0,0,0,1
729486,1,1,1,1,0,0,1
3348643,0,1,MISSING,0,0,1,1
4057293,0,1,1,0,0,0,1
1206512,0,1,MISSING,1,0,0,1
35653,1,1,MISSING,1,1,0,1
2373376,1,0,1,1,1,1,1
2497286,0,0,0,1,1,0,1
3089355,0,0,1,1,0,1,1
218426,1,1,0,1,1,1,1
3526335,0,1,1,1,0,1,1
2109285,0,1,1,0,1,1,1
3665205,0,1,1,1,0,1,1
2906325,0,1,1,0,0,0,1
1910205,0,1,1,1,0,0,1
1611503,0,1,MISSING,0,1,0,1
3592266,0,1,1,1,0,0,1
3263446,0,1,1,0,0,0,1
3141525,1,0,0,1,0,0,1
2987583,0,0,MISSING,0,0,1,1
1488486,0,1,1,1,0,1,1
2973265,0,0,0,1,0,1,1
2353373,1,0,1,1,1,0,1
4122321,0,1,1,1,0,1,1
2368446,0,1,0,1,0,0,1
465386,1,1,0,1,0,1,1
1546505,1,1,1,1,0,1,1
1495643,0,1,MISSING,1,0,1,1
2199575,0,1,MISSING,0,0,0,1
4056536,1,1,1,1,0,0,1
2370396,1,1,1,1,0,1,1
1808475,1,1,0,0,0,1,1
4020486,1,1,0,0,0,0,1
4532215,0,0,0,0,1,1,1
2581443,0,1,MISSING,1,0,1,1
3765215,0,0,1,1,0,0,1
2625586,1,0,0,1,0,1,1
3784205,0,1,1,1,0,0,1
4533583,0,1,MISSING,1,1,0,1
274536,1,1,1,1,0,0,1
3975505,1,1,MISSING,1,0,0,1
4626536,1,1,MISSING,1,1,0,1
3731315,0,1,1,0,0,0,1
1105706,1,1,MISSING,0,0,0,1
3735326,0,1,0,0,0,1,1
3374456,1,1,1,0,0,0,1
2482586,1,1,0,1,0,1,1
990636,1,1,MISSING,0,0,0,1
2936265,0,1,1,0,0,0,1
1719406,1,0,0,1,1,1,1
1145473,0,1,1,0,0,1,1
786215,0,0,0,0,0,0,1
3329285,0,1,1,0,1,1,1
1038241,0,1,MISSING,0,0,1,1
1760353,0,1,0,0,1,0,1
1804235,0,1,1,1,0,0,1
4271215,0,0,0,1,0,0,1
2789491,0,0,MISSING,0,1,1,1
217365,0,0,0,1,0,0,1
1214546,0,0,1,0,1,1,1
454456,1,1,1,1,1,1,1
4016605,1,1,1,1,0,1,1
2684336,0,1,0,0,0,1,1
2177596,0,0,MISSING,0,0,1,1
286556,1,1,1,1,0,0,1
3124406,0,1,0,0,0,0,1
3119215,0,1,0,0,0,0,1
3752802,0,1,MISSING,1,0,1,1
3600205,0,1,1,1,0,0,1
3565245,0,1,1,0,1,0,1
540435,1,1,1,0,0,1,1
2698556,1,1,MISSING,0,0,1,1
4413493,0,0,0,0,0,0,1
254236,0,0,1,0,0,1,1
3979235,0,0,0,0,0,0,1
2655275,1,0,0,1,1,0,1
898456,1,1,1,1,0,0,1
1870406,0,1,1,1,0,0,1
1831446,1,1,MISSING,1,0,0,1
4433411,0,1,0,0,1,1,1
494215,0,1,1,0,0,1,1
2607495,0,1,1,0,0,1,1
2562645,0,1,MISSING,0,0,1,1
1861603,0,1,0,0,0,0,1
881325,1,1,0,1,0,0,1
4312325,0,1,0,1,0,1,1
2120526,1,1,MISSING,1,0,0,1
2118245,0,1,1,1,0,0,1
2732375,0,1,1,1,0,0,1
2178396,0,0,1,0,0,0,1
3577445,0,1,0,0,0,0,1
60743,0,1,MISSING,1,0,1,1
3645255,0,0,1,1,0,0,1
872215,0,1,1,0,0,0,1
1655555,0,0,1,0,0,0,1
3198566,1,0,1,0,0,0,1
531265,0,0,1,1,1,0,1
3810446,1,1,1,1,0,0,1
1275585,0,1,MISSING,1,0,0,1
1554466,1,1,1,1,0,0,1
512356,0,1,1,0,0,1,1
1085626,1,1,MISSING,1,0,1,1
3568193,0,0,1,0,0,0,1
1969416,1,0,1,1,0,0,1
2846315,0,1,1,1,1,0,1
3012503,1,0,MISSING,0,1,0,1
135736,1,1,MISSING,1,0,0,1
4222515,0,1,1,1,0,0,1
1490563,1,0,MISSING,0,0,0,1
906593,0,0,0,0,0,0,1
3007443,1,1,0,0,1,0,1
1387255,0,1,0,1,0,0,1
756296,0,0,0,0,0,0,1
1807331,0,1,1,1,0,0,1
4274443,0,1,0,0,0,1,1
2716696,0,1,MISSING,0,0,1,1
466852,0,1,MISSING,0,0,0,1
3167563,0,0,1,0,0,1,1
125346,0,1,0,0,0,1,1
4168555,0,1,MISSING,1,0,1,1
3339456,1,1,1,1,0,1,1
289486,0,1,1,1,0,0,1
3408205,0,1,0,0,1,1,1
4568663,0,1,MISSING,0,0,1,1
1376386,1,1,1,1,0,0,1
1894396,1,1,1,1,1,0,1
2365386,1,0,1,1,0,0,1
4154401,0,1,MISSING,1,0,1,1
361593,1,1,1,1,0,1,1
3849483,1,0,1,1,,0,1
1368545,1,0,MISSING,1,0,0,1
606225,0,0,1,0,0,0,1
3460195,0,0,1,0,0,1,1
2781773,0,1,MISSING,0,0,1,1
1094453,0,1,1,1,0,1,1
4475235,0,0,1,0,0,1,1
3561443,0,1,0,1,0,0,1
2762355,0,1,1,1,0,1,1
4356205,0,1,1,0,0,0,1
3773233,0,1,1,1,0,0,1
2904546,1,1,1,1,1,0,1
2615546,1,0,MISSING,0,0,0,1
338546,1,0,1,1,0,1,1
3009346,1,1,1,1,1,0,1
2501285,0,1,1,1,1,0,1
1975205,0,1,1,0,0,0,1
838523,1,1,MISSING,1,1,1,1
2621593,0,1,1,1,0,0,1
2121436,1,1,1,1,1,1,1
41505,1,1,0,1,0,0,1
4488225,0,1,1,0,0,0,1
4411536,1,1,0,1,0,0,1
1855236,0,1,0,1,0,1,1
3591375,0,1,1,0,0,1,1
2028576,1,1,0,1,0,1,1
3662912,0,1,MISSING,0,0,1,1
3136526,1,0,MISSING,1,0,1,1
3980413,1,0,1,1,0,0,1
1565636,0,0,MISSING,1,0,0,1
1050395,1,1,0,1,0,1,1
758456,1,1,1,1,0,0,1
1286415,1,1,1,1,0,0,1
4343316,0,0,0,0,1,0,1
703215,0,0,1,0,0,0,1
2928503,0,0,0,0,0,0,1
3549425,1,1,0,0,1,0,1
1281395,1,1,0,1,1,0,1
3666235,0,1,1,0,0,0,1
2985453,0,1,1,0,0,0,1
1052595,1,0,0,1,0,0,1
3615423,0,1,1,0,0,0,1
1664275,0,1,1,1,0,0,1
2488453,0,1,1,0,0,1,1
798543,0,1,MISSING,0,0,1,1
3646495,0,1,1,1,0,0,1
536205,0,1,0,1,0,0,1
2131426,1,1,0,1,0,1,1
4512276,0,1,1,0,0,0,1
991466,0,1,1,0,1,0,1
3349375,0,1,1,1,0,1,1
3445416,0,1,1,1,0,0,1
4082563,1,0,0,0,1,1,1
511386,0,0,0,0,1,0,1
665256,0,1,0,0,1,0,1
4260742,0,0,MISSING,0,0,0,1
3809225,0,0,0,0,0,0,1
4170295,0,1,0,0,1,1,1
2465606,1,1,1,1,0,1,1
3128383,0,1,1,1,0,0,1
2959235,0,1,1,0,0,1,1
1273236,0,1,1,1,0,0,1
2425596,0,1,MISSING,1,0,0,1
1902385,0,1,1,0,0,1,1
3485543,0,1,1,1,0,0,1
2872503,0,0,1,1,0,0,1
740205,0,1,1,0,0,0,1
448326,1,1,1,1,1,1,1
97195,0,1,1,0,0,1,1
3660426,1,1,1,0,1,1,1
1435285,0,0,0,0,0,0,1
3713335,1,0,0,1,1,0,1
2962421,0,1,1,0,0,0,1
2901465,0,1,0,0,0,0,1
247475,1,1,MISSING,0,0,1,1
1266516,1,1,1,0,0,0,1
4091205,0,1,1,0,0,1,1
174603,0,1,MISSING,1,0,1,1
554226,0,1,1,1,0,1,1
2656616,1,1,MISSING,1,0,0,1
1817446,0,1,MISSING,0,0,0,1
2947543,0,1,1,0,0,1,1
2617245,0,1,1,1,0,1,1
2598385,0,1,0,1,0,1,1
3928361,1,1,1,1,0,1,1
3745286,0,1,1,1,0,0,1
3950465,1,1,1,1,0,0,1
2555255,0,1,1,1,1,0,1
954702,0,1,MISSING,1,0,0,1
1868455,0,1,0,1,0,1,1
2833505,1,1,0,1,1,0,1
714533,0,1,MISSING,1,1,1,1
4156566,1,1,MISSING,1,0,0,1
2274225,0,1,1,1,0,0,1
2841235,0,1,1,1,0,1,1
2942506,1,1,MISSING,1,0,0,1
889295,0,0,1,1,0,1,1
229666,0,1,MISSING,0,0,1,1
2975453,1,0,0,1,0,0,1
623493,1,0,MISSING,0,1,0,1
496215,1,1,0,0,1,0,1
4617335,0,1,1,1,0,1,1
31456,1,1,1,0,1,0,1
1181656,0,1,MISSING,0,0,0,1
1287613,0,1,MISSING,0,0,1,1
2968566,1,1,MISSING,1,0,1,1
3043445,1,1,1,1,1,0,1
1650205,0,0,0,0,0,1,1
4489454,0,0,MISSING,1,0,0,1
3874515,0,1,0,0,0,0,1
4100616,1,0,MISSING,1,0,0,1
1617575,1,0,1,1,1,0,1
1225585,1,1,0,1,1,1,1
923466,1,0,0,1,0,0,1
3133366,0,1,0,0,0,0,1
2212616,1,1,0,0,0,0,1
2588496,0,1,MISSING,1,0,0,1
4088495,1,1,0,1,0,0,1
677226,0,1,0,0,0,1,1
219265,0,1,1,0,0,1,1
1523526,1,1,1,0,0,0,1
3164325,0,0,1,0,0,1,1
1645323,1,1,1,0,1,0,1
3416225,0,0,1,1,0,1,1
2871516,0,0,1,1,1,0,1
